{
    "train_total_loss": [
        0.13496647775173187,
        0.12977957725524902,
        0.12762309610843658,
        0.1335029900074005,
        0.1290469914674759,
        0.1382475197315216
    ],
    "train_loss_list": [
        0.1382475197315216
    ],
    "val_loss_list": [
        0.2367245163679476
    ],
    "accuracy_list_auc": [
        0.6994202467667608
    ],
    "specificity_list_auc": [
        0.700650923402967
    ],
    "alarm_sen_list_auc": [
        0.6322314049586777
    ],
    "alarm_acc_list_auc": [
        0.037244401168451804
    ],
    "accuracy_list_prc": [
        0.9642485506169169
    ],
    "specificity_list_prc": [
        0.977217680896155
    ],
    "alarm_sen_list_prc": [
        0.256198347107438
    ],
    "alarm_acc_list_prc": [
        0.17079889807162535
    ],
    "roc_auc_list": [
        0.7158427850464018
    ],
    "prc_auc_list": [
        0.06748788771351348
    ],
    "brier_list": [
        0.26318002329486645
    ]
}